acari_odb12	2025-04-11	c7343b076f3a9ce1d0fc1d216df64595	Eukaryota	lineages
acetobacteraceae_odb12	2025-04-11	3906d7a8d5135bdb9c388e6752429edb	Prokaryota	lineages
acetobacter_odb12	2025-04-11	39343b0fc272fd6c3bfdfe3809401323	Prokaryota	lineages
acholeplasmataceae_odb12	2025-04-11	5a1b908af6accd45d912fcd94c19e2dd	Prokaryota	lineages
achromobacter_odb12	2025-04-11	448295f18e46d37b507628f3ba91dc9d	Prokaryota	lineages
acidobacteriaceae_odb12	2025-04-11	12b749a062bb03dce7353db836d03ca3	Prokaryota	lineages
acidobacteria_odb10	2024-01-08	13046d110cf6d038af269ee6e0681bdc	Prokaryota	lineages
acidobacteriota_odb12	2025-04-11	4d3fd083a430efa0fc0a52fbd60deb43	Prokaryota	lineages
acidovorax_odb12	2025-04-11	7a1082b42edb9b1b0b424bd6600bad8b	Prokaryota	lineages
acinetobacter_odb12	2025-04-11	b6573cf71c7386571fd454f6558f4e22	Prokaryota	lineages
aconoidasida_odb10	2024-01-08	47b6ece13859b681466c79f4e6c6d1ad	Eukaryota	lineages
aconoidasida_odb12	2025-04-11	8c05803fb9ffcc554a17ec605663dc43	Eukaryota	lineages
actinobacteria_class_odb10	2024-01-08	0a326071854e20d1977a13a5e3a5f84f	Prokaryota	lineages
actinobacteria_phylum_odb10	2024-01-08	eaa25a3d973f580d4cf59b7251309e5a	Prokaryota	lineages
actinomadura_odb12	2025-04-11	0d074cd923f681c3a9955421c5a26fd0	Prokaryota	lineages
actinomyces_odb12	2025-04-11	4dd868a0b81fbad385da1bdab4da8876	Prokaryota	lineages
actinomycetaceae_odb12	2025-04-11	941b6b335fd241bc75d13c96c72c6b83	Prokaryota	lineages
actinomycetes_odb12	2025-04-11	434ed20acea405989959623bd20d70cf	Prokaryota	lineages
actinomycetota_odb12	2025-04-11	016cb9e13c7dafa0f3759df56009f432	Prokaryota	lineages
actinoplanes_odb12	2025-04-11	04e33ecf223f544374369322ff4c23d0	Prokaryota	lineages
actinopterygii_odb10	2024-01-08	6b042870822559fcacf129fdedea8927	Eukaryota	lineages
actinopterygii_odb12	2025-04-11	5ab54259a08a839883d578d95383e1d3	Eukaryota	lineages
aculeata_odb12	2025-04-11	1f7e8c2455dd02a9afd1494bd1e0562b	Eukaryota	lineages
aerococcaceae_odb12	2025-04-11	7c64387b5186184f2d646715a018fe5a	Prokaryota	lineages
aeromicrobium_odb12	2025-04-11	5148f07b8ac4e3550ce15fc4b145f421	Prokaryota	lineages
aeromonadaceae_odb12	2025-04-11	70f85767e551710d97e0d28f210c088e	Prokaryota	lineages
aeromonas_odb12	2025-04-11	0560d4e76330af7e991a33a05b5f4dc7	Prokaryota	lineages
afipia_odb12	2025-04-11	49b13aa4b2e6cd20406cbb7d0c61469c	Prokaryota	lineages
agaricales_odb10	2024-01-08	1bf1c632dab6ae5b4ff0be6fad8ff8cf	Eukaryota	lineages
agaricales_odb12	2025-04-11	fe7ac16774138bbd5a99e418c570f9ed	Eukaryota	lineages
agaricomycetes_odb10	2024-01-08	717f3e2543617972c9a45bbd4ac975b6	Eukaryota	lineages
agaricomycetes_odb12	2025-04-11	400ad9fd410f641e77915aff3c23e14d	Eukaryota	lineages
agrobacterium_odb12	2025-04-11	36902c34c4cf358bf2ef10c65e639279	Prokaryota	lineages
agromyces_odb12	2025-04-11	a86bd195cc908bae3556e9b27301e8dd	Prokaryota	lineages
ajellomycetaceae_odb12	2025-04-11	faeb7d23df0349558de2ffd220718841	Eukaryota	lineages
alcaligenaceae_odb12	2025-04-11	ecde9234873e9b5515b809e3e2429313	Prokaryota	lineages
alcanivorax_odb12	2025-04-11	ba0672030dbd24f3c073fde9a07d387d	Prokaryota	lineages
algoriphagus_odb12	2025-04-11	5d39ef3e0634560bbb8b61cfd1153dc7	Prokaryota	lineages
alicyclobacillaceae_odb12	2025-04-11	2dd29bb2797614264ec930fe64826df1	Prokaryota	lineages
alicyclobacillus_odb12	2025-04-11	e1dc56e080a95b1ac7f223b254e7991c	Prokaryota	lineages
alistipes_odb12	2025-04-11	0cb49d0911c00200568627685d93914f	Prokaryota	lineages
alphabaculovirus_odb10	2024-01-08	ec04ed01eab6001f35c1a6ebfc70180f	Virus	lineages
alphaherpesvirinae_odb10	2024-01-08	44433a26b31aa50e4314a013eb2d1ff4	Virus	lineages
alphaproteobacteria_odb10	2024-01-08	22db70ba9f321e8b8f4eed0b2be41b6f	Prokaryota	lineages
alphaproteobacteria_odb12	2025-04-11	b5fef2ec8f25a9263308e777ef06b124	Prokaryota	lineages
alteromonadales_odb10	2024-01-08	0a959f97971c349fdd69bc37e7796514	Prokaryota	lineages
alteromonadales_odb12	2025-04-11	7a512cefd7b455d0f631adbfdc14308b	Prokaryota	lineages
alteromonas_odb12	2025-04-11	d7606a600be0806c68bdce3aa1d26fc0	Prokaryota	lineages
alveolata_odb10	2024-01-08	cbd2ddb6b18efb2b4ca218a74688aacf	Eukaryota	lineages
alveolata_odb12	2025-04-11	b0b39ad0cb75bb35a12da7f0295f027b	Eukaryota	lineages
amoebozoa_odb12	2025-04-11	f07b568828e9abebb4ca87af9390fd8b	Eukaryota	lineages
amycolatopsis_odb12	2025-04-11	42debff924b016ef8a3c50694cbf166b	Prokaryota	lineages
anaerococcus_odb12	2025-04-11	6b6aa0a789194f6317e69f78fe19589f	Prokaryota	lineages
anaplasmataceae_odb12	2025-04-11	4c191dbdc25ab6f4fe23dabdcbc2f1d5	Prokaryota	lineages
anopheles_odb12	2025-04-11	228991d55359b73cdc7dfd821934d38a	Eukaryota	lineages
anthozoa_odb12	2025-04-11	5ff4b4ffe61d6f34cb36389da940140b	Eukaryota	lineages
apicomplexa_odb10	2024-01-08	e27eb839243c4a4280e4187108b48596	Eukaryota	lineages
apicomplexa_odb12	2025-04-11	4e44d4c8b0575ada3f7d2d27ba73bab1	Eukaryota	lineages
apoidea_odb12	2025-04-11	0bf04ae3c5c658e1a912b273db4441f7	Eukaryota	lineages
aquificae_odb10	2024-01-08	0285bccb18097979aef7badd2b554378	Prokaryota	lineages
aquificae_odb12	2025-04-11	f187c16cf82a2b386b4076c65bc47af7	Prokaryota	lineages
aquimarina_odb12	2025-04-11	c6a6eb06c13430238c6fa35949401e5b	Prokaryota	lineages
arachnida_odb10	2024-01-08	625818d0544cd760356af0b8e9a5a412	Eukaryota	lineages
arachnida_odb12	2025-04-11	8e2590dfdc4a9ca718c6a1e5d61d7593	Eukaryota	lineages
araneae_odb12	2025-04-11	85a2c8f951381390bf6a466cea72bc20	Eukaryota	lineages
archaea_odb10	2024-01-08	3eb26c670c520c0f3b32bff46fce03d7	Prokaryota	lineages
archaea_odb12	2025-04-12	e4c5538777172b993955c563fd30966d	Prokaryota	lineages
arcobacter_odb12	2025-04-11	3969af929fc00da3e45729d167873c29	Prokaryota	lineages
arthrobacter_odb12	2025-04-11	27894679e0671652ffa082404582605e	Prokaryota	lineages
arthropoda_odb10	2024-01-08	915ae2790da249b81eceeb1cea2ad922	Eukaryota	lineages
arthropoda_odb12	2025-04-11	6804b0766fbc5c01444d741b4dcea0aa	Eukaryota	lineages
artiodactyla_odb12	2025-04-11	b774cc7e8f8e2527c221c4cb573e605e	Eukaryota	lineages
ascomycota_odb10	2024-01-08	694c2ad193a01cd6e95487a3ddcbcce8	Eukaryota	lineages
ascomycota_odb12	2025-04-11	224507ef834a55d83de035645d47bfa1	Eukaryota	lineages
aspergillus_odb12	2025-04-11	061dd03d6e56952f6ab0e20600b51e34	Eukaryota	lineages
asticcacaulis_odb12	2025-04-11	f518bc07d3789206e067e6276fe81481	Prokaryota	lineages
atopobiaceae_odb12	2025-04-11	4a93a96996f122a2767ff892b1dfb5ca	Prokaryota	lineages
aurantimonadaceae_odb12	2025-04-11	a23d7f72b76e8ef27d13552aa6d246fe	Prokaryota	lineages
aureimonas_odb12	2025-04-11	262ebba5956a2b27215cee6e62b5c1c4	Prokaryota	lineages
aves_odb10	2024-01-08	eea0b7e8122b1f528c97c142e9ddfd82	Eukaryota	lineages
aves_odb12	2025-04-11	5f1a8a41557cab979a7d8e20cacfd689	Eukaryota	lineages
aviadenovirus_odb10	2024-01-08	f9c946051627e87ff717ad466d6c5966	Virus	lineages
azospirillum_odb12	2025-04-11	ba3a7eb12f0a91189f053b7b74f1c66f	Prokaryota	lineages
bacillaceae_odb12	2025-04-11	4d7f5332ed1f4e190bd8a1ce417d18b7	Prokaryota	lineages
bacillales_odb10	2024-01-08	e2fb5d46b90c76f849d9ec9c49ae79ca	Prokaryota	lineages
bacillales_odb12	2025-04-11	01d48b37a737150bb07084387bc6e4c8	Prokaryota	lineages
bacillariophyta_odb12	2025-04-11	00cc9b42507efc5b3e2805fac9efe73d	Eukaryota	lineages
bacilli_odb10	2024-01-08	e8dc4ad8c6e26e2dfc47e155736896bd	Prokaryota	lineages
bacilli_odb12	2025-04-11	238981b3488df431ab6c08327eef1a46	Prokaryota	lineages
bacillota_odb12	2025-04-11	842f1c101a1bef168718c108d32fee12	Prokaryota	lineages
bacillus_odb12	2025-04-11	19f421d7f15d19d36cc7af4441349b22	Prokaryota	lineages
bacteria_odb10	2024-01-08	bff9523df89980699c01e8f31e490496	Prokaryota	lineages
bacteria_odb12	2025-04-11	2ed34d5cdea335162f31b9cc9190f70c	Prokaryota	lineages
bacteroidales_odb10	2024-01-08	60e4d09d2526ad90561bc0ad4c67f783	Prokaryota	lineages
bacteroidales_odb12	2025-04-11	003164b239524e8f6418842252c31a26	Prokaryota	lineages
bacteroides_odb12	2025-04-11	018e2631b95b4ab9a90329a23113d0bc	Prokaryota	lineages
bacteroidetes-chlorobi_group_odb10	2024-01-08	4d2ae5165b8aec5f42f42d79e98bc05d	Prokaryota	lineages
bacteroidetes_odb10	2024-01-08	81eddd495a27b2c15b661eb2f018b01b	Prokaryota	lineages
bacteroidia_odb10	2024-01-08	1756db675bfee79e3a3a6e9946003038	Prokaryota	lineages
bacteroidia_odb12	2025-04-11	8837a3552203fc35757962310c6d7122	Prokaryota	lineages
bacteroidota-chlorobiota_group_odb12	2025-04-11	f8ed05e06d4d423f0ba7d53022480f2c	Prokaryota	lineages
baculoviridae_odb10	2024-01-08	78a612f186cb5b88ec8c030661e46487	Virus	lineages
bartonella_odb12	2025-04-11	51e7e35c7d6c47cfffc2c3d358760d1e	Prokaryota	lineages
basidiomycota_odb10	2024-01-08	55ee0a0b2ca18812393fd43faf4f1897	Eukaryota	lineages
basidiomycota_odb12	2025-04-11	d6b93277b385b9a6b74e50323f7083b3	Eukaryota	lineages
bclasvirinae_odb10	2024-01-08	51a9dce485c577e575d411d10c566820	Virus	lineages
betabaculovirus_odb10	2024-01-08	aab73c1e308f8a1cec4f4529b06ee3d4	Virus	lineages
betaherpesvirinae_odb10	2024-01-08	1fd9d15097a377d712c6458451bf65af	Virus	lineages
betaproteobacteria_odb10	2024-01-08	040cf23dfcfc0fa632bd48fde213b61f	Prokaryota	lineages
betaproteobacteria_odb12	2025-04-11	7b7213a88f198d359d67e932dcc5fa10	Prokaryota	lineages
bifidobacteriaceae_odb12	2025-04-11	d050b0c1a283d2be9cb74eba12311f45	Prokaryota	lineages
bifidobacterium_odb12	2025-04-11	9f49a0ec37a3a5a24970497ac5a93d24	Prokaryota	lineages
blautia_odb12	2025-04-11	7e86d43617de238613ce7e843440d2d6	Prokaryota	lineages
boletales_odb10	2024-01-08	7a7b1635d171d069a5525ee24faf8c83	Eukaryota	lineages
boletales_odb12	2025-04-11	e9bd4e8af310b2b540c531bde559b1cf	Eukaryota	lineages
bordetella_odb12	2025-04-11	e48f89c863503db0d7fd9fcf9e0a3736	Prokaryota	lineages
borreliaceae_odb12	2025-04-11	de9cfcce9a0766cb380a5b98041cb6f1	Prokaryota	lineages
bosea_odb12	2025-04-11	b61de41163a84013c964974cbe7d9e18	Prokaryota	lineages
brachybacterium_odb12	2025-04-11	3109874bb33ba52ae9434f3a623bf8b0	Prokaryota	lineages
brachycera_odb12	2025-04-11	4f185e2ea48b7549f6a5c0fcec3cac0b	Eukaryota	lineages
brachyspira_odb12	2025-04-11	8b19fe5a568639bf1a775fed1d4ed17a	Prokaryota	lineages
bradyrhizobium_odb12	2025-04-11	465e755bc6e196c1a989dbe429ed4239	Prokaryota	lineages
brassicales_odb10	2024-01-08	7f96488b36e2f391dd594a099b31ea24	Eukaryota	lineages
brassicales_odb12	2025-04-11	a78acfb5caa3f78d5396bdb403593186	Eukaryota	lineages
brevibacillus_odb12	2025-04-11	c2f5cca5f3c09f9df8c360098398040d	Prokaryota	lineages
brevibacterium_odb12	2025-04-11	20c9122ceef73160ff993026a1f02198	Prokaryota	lineages
brevundimonas_odb12	2025-04-11	2d06c968821011b6751508ee1a4766b4	Prokaryota	lineages
buchnera_odb12	2025-04-11	f8d448bb80ec865dfd648f44c00dc13c	Prokaryota	lineages
burkholderiaceae_odb12	2025-04-11	754b01be955d4c55ad47968d5a66eb84	Prokaryota	lineages
burkholderiales_odb10	2024-01-08	b41288c7ab665a79a592214850af3dcf	Prokaryota	lineages
burkholderiales_odb12	2025-04-11	63d773b5705a5cb47644ac2d91e3763e	Prokaryota	lineages
burkholderia_odb12	2025-04-11	cc8ef829435fe0458d37ea7b3b75e92a	Prokaryota	lineages
butyrivibrio_odb12	2025-04-11	38059ba8fe2fc9ee1d1e70bc5bfd0c94	Prokaryota	lineages
campylobacterales_odb10	2024-01-08	950fa5f90829dfbfe879e71f22d8a6f1	Prokaryota	lineages
campylobacterota_odb12	2025-04-11	4f2d50e23d993573472cff92ce804460	Prokaryota	lineages
capnocytophaga_odb12	2025-04-11	8524dc3276992c180f6ca6372944b9d4	Prokaryota	lineages
capnodiales_odb10	2024-01-08	a1601671360646aa38c968520f81a9bc	Eukaryota	lineages
carnivora_odb10	2024-01-08	a81b85b7d90b046315b8cb1bea8605c1	Eukaryota	lineages
carnivora_odb12	2025-04-11	d9617cf6a2e8b801a1fa53ee209f38c9	Eukaryota	lineages
carnobacteriaceae_odb12	2025-04-11	ca6937cc9f4b57788d6437a717bbee88	Prokaryota	lineages
carnobacterium_odb12	2025-04-11	e1d43f3746090e3ed83b363a32305fcc	Prokaryota	lineages
caulobacteraceae_odb12	2025-04-11	a81ba7e59d140c302a1a35ab2a75d3ab	Prokaryota	lineages
caulobacter_odb12	2025-04-11	b6fa1938a2234b89d4164dc2df8af735	Prokaryota	lineages
cellulomonadaceae_odb12	2025-04-11	d01998515576d94440f9760e273645a2	Prokaryota	lineages
cellvibrionaceae_odb12	2025-04-11	9f17682ba076fc50bdc9ae73d6acaeb0	Prokaryota	lineages
cellvibrionales_odb10	2024-01-08	4284a714433698dfcf38b7297bc6ef4b	Prokaryota	lineages
cellvibrionales_odb12	2025-04-11	c67180c77be2fe23cc237748f8188a0f	Prokaryota	lineages
cetartiodactyla_odb10	2024-01-08	7d348bed34a92a77c86adb4194a4d0cc	Eukaryota	lineages
chaetothyriales_odb10	2024-01-08	721a498d4da22ab75c48a705cb7ffafe	Eukaryota	lineages
chaetothyriales_odb12	2025-04-11	7e6895b775bfe2164daa5a6fa795b570	Eukaryota	lineages
cheoctovirus_odb10	2024-01-08	74dacf2a763c2a462356ded5e79921db	Virus	lineages
chitinophagaceae_odb12	2025-04-11	855ce2e423615a3246bc0144cd59f023	Prokaryota	lineages
chlamydiae_odb10	2024-01-08	f9a0d5d18b525f5b25ffd28cbc79511a	Prokaryota	lineages
chlamydia_odb12	2025-04-11	5bd68c02eea76e458ccab87357bfd97a	Prokaryota	lineages
chlamydiota_odb12	2025-04-11	e6b54f3f62aeac0728f9e79b5598788b	Prokaryota	lineages
chlorobi_odb10	2024-01-08	1accab3fc927c6e614d96d3b76eb7d41	Prokaryota	lineages
chlorobiota_odb12	2025-04-11	76c7e7fa5cc447e2fd68227edb1796c9	Prokaryota	lineages
chloroflexi_odb10	2024-01-08	9633d49879fba7efe9d59e9ec1f6fb70	Prokaryota	lineages
chloroflexota_odb12	2025-04-11	00d95411370ea68c2cb815b784672380	Prokaryota	lineages
chlorophyceae_odb12	2025-04-11	39aca590f700ccd0717d0ed130d2af11	Eukaryota	lineages
chlorophyta_odb10	2024-01-08	7dbcc25dd421be9fbb0f0ae0d7095284	Eukaryota	lineages
chlorophyta_odb12	2025-04-11	6ca4294fdf0a64765531abf0ef3da6cd	Eukaryota	lineages
chordopoxvirinae_odb10	2024-01-08	c5ff51b8e86771a94400c0df8f8eb383	Virus	lineages
chromadorea_odb12	2025-04-11	9d01fef7c280917ea45bb3b23bc10999	Eukaryota	lineages
chromatiaceae_odb12	2025-04-11	0e72c7576d2db10339ba18748a0654cc	Prokaryota	lineages
chromatiales_odb10	2024-01-08	113389b263ee38c451831b513a56ae85	Prokaryota	lineages
chromatiales_odb12	2025-04-11	71d91a15dfbd39ce909111cc8dcd095d	Prokaryota	lineages
chromobacteriaceae_odb12	2025-04-11	56d1dd6cc38dab0404cf95e738b0989a	Prokaryota	lineages
chroococcales_odb10	2024-01-08	319aa6d9e5ce2606aecfc0bce4419eb8	Prokaryota	lineages
chroococcales_odb12	2025-04-11	68c04445ef313de6f47ed0cbab6beed6	Prokaryota	lineages
chryseobacterium_odb12	2025-04-11	c2b4cc9384963d0f2de936eda4afd06b	Prokaryota	lineages
chytridiomycota_odb12	2025-04-11	10d7f848b3590c51230f00a2554b814c	Eukaryota	lineages
ciliophora_odb12	2025-04-11	dd5d9568fa15baab46833233e9ad6313	Eukaryota	lineages
citrobacter_odb12	2025-04-11	43933ffbc9a2fb69ba412c8beb3cd462	Prokaryota	lineages
clavicipitaceae_odb12	2025-04-11	674a06cfd1d489a9ce6078b5d03b82fd	Eukaryota	lineages
clostridiaceae_odb12	2025-04-11	52946f7e178f44ded2e508e438dd6c44	Prokaryota	lineages
clostridiales_odb10	2024-01-08	9b90a303dc2395f6197c1d64f03fbfc0	Prokaryota	lineages
clostridia_odb10	2024-01-08	7eeb8a01b7c4643aa9fbbd1fd03c887f	Prokaryota	lineages
clostridia_odb12	2025-04-11	39ae1a06eaf4e0f50af00e31addaef61	Prokaryota	lineages
cnidaria_odb12	2025-04-11	bdd1b0464c1b966cc648342c8671fa60	Eukaryota	lineages
coccidia_odb10	2024-01-08	ec804a941baabf38053a0f8b8c7021dd	Eukaryota	lineages
coccidia_odb12	2025-04-11	9765f27cdf235f91dd25d0c331540c61	Eukaryota	lineages
coleoptera_odb12	2025-04-11	36b9490c3362057d28b7880405c3fc3b	Eukaryota	lineages
collinsella_odb12	2025-04-11	7873e747e896202073023ea54fed7c5c	Prokaryota	lineages
colwellia_odb12	2025-04-11	d1af505d2a72770dd93531de50299583	Prokaryota	lineages
comamonadaceae_odb12	2025-04-11	cba2693e0f64b8e925dbb6faf1f87e52	Prokaryota	lineages
comamonas_odb12	2025-04-11	1b0274cc33801be3bc62f9897ba16d05	Prokaryota	lineages
cordycipitaceae_odb12	2025-04-11	53c0c180268be0fabed1eab1e336aaa4	Eukaryota	lineages
coriobacteriales_odb10	2024-01-08	18776c9d1cf45a170a71a57e6b0bf32c	Prokaryota	lineages
coriobacteriia_odb10	2024-01-08	6837d15f63527b8b9ad624f9e4a26daf	Prokaryota	lineages
coriobacteriia_odb12	2025-04-11	599b719612f04fa80b169c9a46e0dc24	Prokaryota	lineages
corynebacteriales_odb10	2024-01-08	af866d8ea389f71092f9344fb9603f5c	Prokaryota	lineages
corynebacterium_odb12	2025-04-11	503a060f1dfc8fe0a9dd24680af30718	Prokaryota	lineages
crustacea_odb12	2025-04-11	f3701ad712a99f59d398c892823746b7	Eukaryota	lineages
cryptosporidium_odb12	2025-04-11	86553507c56dd27ba5799d9c0466ab52	Eukaryota	lineages
culicidae_odb12	2025-04-11	32821585188ac6671d0c0e442fe1360a	Eukaryota	lineages
cupriavidus_odb12	2025-04-11	4b599b52e6018094e996143611491846	Prokaryota	lineages
curtobacterium_odb12	2025-04-11	03faab3cc3786f8edc36a31b629725a6	Prokaryota	lineages
cyanobacteria_odb10	2024-01-08	26b249d637a4146011f38bcf70c6d6f3	Prokaryota	lineages
cyanobacteriota_odb12	2025-04-11	2182abdaa6b9285666cce06d9e86d31c	Prokaryota	lineages
cyclobacteriaceae_odb12	2025-04-11	759ad90bc5ae0804913cded3fcbc57de	Prokaryota	lineages
cyprinodontiformes_odb10	2024-01-08	4f85a35eafec1392512eba8b6011dfce	Eukaryota	lineages
cyprinodontiformes_odb12	2025-04-11	35fb6e42f370edb59f0cf4d9710a9bf1	Eukaryota	lineages
cytophagaceae_odb12	2025-04-11	c9a7e513615b40dd6994285673e7996f	Prokaryota	lineages
cytophagales_odb10	2024-01-08	6ec59af7cc8d6f6d5de4c6f22f5eb5f0	Prokaryota	lineages
cytophagia_odb10	2024-01-08	ccecc5c2a542cf3d75330c1eacbd3100	Prokaryota	lineages
cytophagia_odb12	2025-04-11	7fa58dc4ada5ec0058f70e43165cc5ae	Prokaryota	lineages
debaryomycetaceae_odb12	2025-04-11	328c29c129e402b411239475488384b6	Eukaryota	lineages
deinococcus_odb12	2025-04-11	4e20fe666ea856631248220a98b4eebc	Prokaryota	lineages
delta-epsilon-subdivisions_odb10	2024-01-08	911bdaa6c96bef4feaadd29846681cbd	Prokaryota	lineages
delta-epsilon_subdivisions_odb12	2025-04-11	a417e46b38bcddbcc594d6f765d7bc1b	Prokaryota	lineages
deltaproteobacteria_odb10	2024-01-08	93caf5a115cffaf8089f47b7e592024a	Prokaryota	lineages
deltaproteobacteria_odb12	2025-04-11	1b8cfd48fafa124c0b997b22891d95d1	Prokaryota	lineages
desulfobacteraceae_odb12	2025-04-11	e1b273df201555c065a65cb25600e171	Prokaryota	lineages
desulfobacterales_odb10	2024-01-08	6a47df2907b67b809b29291ad9baadeb	Prokaryota	lineages
desulfobacterales_odb12	2025-04-11	39639ef278d8a653501efb26b1bd34d7	Prokaryota	lineages
desulfosporosinus_odb12	2025-04-11	a5150fccf7ca7eaae37ccddde8d7a6fb	Prokaryota	lineages
desulfovibrionales_odb10	2024-01-08	2e4e5bc1e1e38533273013a92d59e6f8	Prokaryota	lineages
desulfovibrionales_odb12	2025-04-11	5ba51ab658c2c681c406f7ae325d874e	Prokaryota	lineages
desulfurococcaceae_odb12	2025-04-12	cb8ffc573aa14b046d1fd90318397cb9	Prokaryota	lineages
desulfurococcales_odb10	2024-01-08	74cc4abc7ed82901712888c2408fb667	Prokaryota	lineages
desulfurococcales_odb12	2025-04-12	eb07f13385d8e2e0f962466d88104099	Prokaryota	lineages
desulfuromonadales_odb10	2024-01-08	b6aad868c8158fc9f92f7c7969e6bd65	Prokaryota	lineages
desulfuromonadales_odb12	2025-04-11	8ad4e0a222f9f2d5ef99f18a03231fa3	Prokaryota	lineages
devosia_odb12	2025-04-11	072756a5f745679dcef655cd8a040ae8	Prokaryota	lineages
diptera_odb10	2024-01-08	da520a013d41c04d92a4b18b59803628	Eukaryota	lineages
diptera_odb12	2025-04-11	b2a71436641674aa35931370e54af5a1	Eukaryota	lineages
dothideomycetes_odb10	2024-01-08	f3b8e2745f0d1cca41d9d4c171b1e70e	Eukaryota	lineages
dothideomycetes_odb12	2025-04-11	7b6ec4c563beb981c7614fb72eb898c2	Eukaryota	lineages
drosophila_odb12	2025-04-11	1b43b3405048cb875f0350ed8763756b	Eukaryota	lineages
drosophilidae_odb12	2025-04-11	fb747ab7d9e245034333b75ad3d4f744	Eukaryota	lineages
dysgonomonas_odb12	2025-04-11	204a90efe81613882527818edd79ec1a	Prokaryota	lineages
ectothiorhodospiraceae_odb12	2025-04-11	90c33621f887f4612dcd47ca8fc6eea8	Prokaryota	lineages
eggerthellaceae_odb12	2025-04-11	5f79e9a764cd7b1fdc4cd3f860490ba0	Prokaryota	lineages
embryophyta_odb10	2024-01-08	7d4e9894b0727223f8ef24cf05b7a71d	Eukaryota	lineages
embryophyta_odb12	2025-04-11	19daa6035f156296e0a24f79f73483fa	Eukaryota	lineages
endopterygota_odb10	2024-01-08	fd7f8c8e521f96c0d273c1b25ef262ea	Eukaryota	lineages
endopterygota_odb12	2025-04-11	8c9461f610c90bc9cfb8a1abf544e60e	Eukaryota	lineages
enquatrovirus_odb10	2024-01-08	f6c05f3de730a09cc7eaf58bcc50636c	Virus	lineages
enterobacterales_odb10	2024-01-08	989af5b1fe5e6b7ff7692511a412c1f6	Prokaryota	lineages
enterobacterales_odb12	2025-04-11	92232e1f7542694c6991e65d5d3e15fb	Prokaryota	lineages
enterobacteriaceae_odb12	2025-04-11	0b832169d4a38175fa6cdc2648348443	Prokaryota	lineages
enterobacter_odb12	2025-04-11	ee32a5462baa74f8a2e1ff0aba7df517	Prokaryota	lineages
enterococcaceae_odb12	2025-04-11	5b233d69e95dde4caa91aff351df0d5b	Prokaryota	lineages
enterococcus_odb12	2025-04-11	4a7cf594d57e7c960a5675bd7f1ef76f	Prokaryota	lineages
entomoplasmatales_odb10	2024-01-08	65893ded2df1ffc7bf4cc8abce3a858a	Prokaryota	lineages
entomoplasmatales_odb12	2025-04-11	421c9510dfd035f5db12282d96c1c407	Prokaryota	lineages
epsilonproteobacteria_odb10	2024-01-08	b0eaa68282aab72d8a2447da767219da	Prokaryota	lineages
erwiniaceae_odb12	2025-04-11	97c92aae1a5db29e644191029272ffbc	Prokaryota	lineages
erwinia_odb12	2025-04-11	1c97b0edc38868789ae6d4fa55755e28	Prokaryota	lineages
erysipelotrichaceae_odb12	2025-04-11	4feb7d923e3cfe9d35ef7a57eceea62a	Prokaryota	lineages
erythrobacteraceae_odb12	2025-04-11	52bf5f175b7e25f4da6b562d3293bfb6	Prokaryota	lineages
erythrobacter_odb12	2025-04-11	e87ecc227555969e4c6479f63346806b	Prokaryota	lineages
euarchontoglires_odb10	2024-01-08	4f6b07a49e990f1a821db285f808f7a7	Eukaryota	lineages
euarchontoglires_odb12	2025-04-11	260b07346bf29a06fc83ee9af4442c72	Eukaryota	lineages
eubacteriaceae_odb12	2025-04-11	61926932687e2f8b7989791a8b54e990	Prokaryota	lineages
eubacteriales_odb12	2025-04-11	923b99c64d2cf4877709d4bbf5084649	Prokaryota	lineages
eudicots_odb10	2024-01-08	38ece5baf0523143fc6594030bca4487	Eukaryota	lineages
eudicotyledons_odb12	2025-04-11	e26cf4d1a043d08328956b331cfd3bb8	Eukaryota	lineages
euglenozoa_odb10	2024-01-08	2422e36739d888b5400211e128442e6f	Eukaryota	lineages
euglenozoa_odb12	2025-04-11	c1b74c78f4b799fa39f33cc2ec973ab5	Eukaryota	lineages
eukaryota_odb10	2024-01-08	93e2a6ec05708dbf0f23db078b88c5a8	Eukaryota	lineages
eukaryota_odb12	2025-04-11	4e50627b17a42b89dd7e8d8a937720e1	Eukaryota	lineages
eurotiales_odb10	2024-01-08	476a061e592590139598c5ed610d1883	Eukaryota	lineages
eurotiales_odb12	2025-04-11	d036a7a4a5a9b03d8422b58ee8f7d5e5	Eukaryota	lineages
eurotiomycetes_odb10	2024-01-08	077c5b9805d1bd69772851e7a3ef7e2f	Eukaryota	lineages
eurotiomycetes_odb12	2025-04-11	530a1fc7e93b286e72a182ebf3cf17b0	Eukaryota	lineages
euryarchaeota_odb10	2024-01-08	152262b6845431b05feb15919745af78	Prokaryota	lineages
euryarchaeota_odb12	2025-04-12	5af93507ed6288765c2cb24be35f16b7	Prokaryota	lineages
eutheria_odb10	2024-01-08	2a3b171b152e781d8b905fb1861b701a	Eukaryota	lineages
eutheria_odb12	2025-04-11	3795628e4d0a4c1442d7d965af5c6f46	Eukaryota	lineages
exiguobacterium_odb12	2025-04-11	2e30cd91106505a3645d680fd8395a4f	Prokaryota	lineages
fabales_odb10	2024-01-08	b830d5061c0edd67d49a69800ac58598	Eukaryota	lineages
fabales_odb12	2025-04-11	6e45bddbc27e375d467dcec81442c965	Eukaryota	lineages
firmicutes_odb10	2024-01-08	4610a6bc81861850b4d8fc3b33fa7a5c	Prokaryota	lineages
flavobacteriales_odb10	2024-01-08	d8514f1c520e2fe1f3c7d36906f895c4	Prokaryota	lineages
flavobacteriia_odb10	2024-01-08	d4bead34b6d89f0a3e36b5250941726d	Prokaryota	lineages
flavobacteriia_odb12	2025-04-11	f70afc769536f7e7e620de125a681351	Prokaryota	lineages
flavobacterium_odb12	2025-04-11	cb5cb99ba7c7abcd112a7237ac804892	Prokaryota	lineages
formicidae_odb12	2025-04-11	953c9fef73e0f1a2c597f94160af4661	Eukaryota	lineages
francisellaceae_odb12	2025-04-11	305c448c1d678c8623371cf0c3b78d36	Prokaryota	lineages
frankia_odb12	2025-04-11	ae49cc7d81a1036c13c7ceb0566898bf	Prokaryota	lineages
fromanvirus_odb10	2024-01-08	48f5b7b57afa387315c9e006410f55b9	Virus	lineages
fungi_odb10	2024-01-08	d389cb627ded374b47db05630191494e	Eukaryota	lineages
fungi_odb12	2025-04-11	e81f8a3e83dae1bdfbc6e20504b9ac08	Eukaryota	lineages
fusobacteriaceae_odb12	2025-04-11	9579cbbabd260342f5fed74ff31d6177	Prokaryota	lineages
fusobacteriales_odb10	2024-01-08	c25c6d2e434d2ad8f91f6d5bccce30a5	Prokaryota	lineages
fusobacteria_odb10	2024-01-08	4e249141ccd9f730e52d386f2b9c0185	Prokaryota	lineages
fusobacteriota_odb12	2025-04-11	f4e2108e25c7c87eb00c690b05f5f752	Prokaryota	lineages
fusobacterium_odb12	2025-04-11	7434a328f4cb2023c1516973a2681fb7	Prokaryota	lineages
galloanserae_odb12	2025-04-11	fb24c5b7449b5ee623cbe3c82eb8e22e	Eukaryota	lineages
gammaherpesvirinae_odb10	2024-01-08	da764ed072f3fb78cae2ff7e90868a9f	Virus	lineages
gammaproteobacteria_odb10	2024-01-08	5ade21bee041306a5a12a4c2047d978d	Prokaryota	lineages
gammaproteobacteria_odb12	2025-04-11	ed27137c8f841c9ed7323e9d620746ba	Prokaryota	lineages
geobacteraceae_odb12	2025-04-11	292ebcb34ffa34689ca81fd0c3c4756b	Prokaryota	lineages
geobacter_odb12	2025-04-11	9dd9fbe24b784c8737bfc17dd7869ea3	Prokaryota	lineages
glires_odb10	2024-01-08	e556d8cd17fc9ed1ee6ffd1275809268	Eukaryota	lineages
glires_odb12	2025-04-11	d28a0f8bf23477da38356c2832df7477	Eukaryota	lineages
glomerellales_odb10	2024-01-08	d1de6bb04a0d4ed8c816dbb62586faff	Eukaryota	lineages
glomerellales_odb12	2025-04-11	fde5412d4e2a3f9f56db9d49891d5ac6	Eukaryota	lineages
gordonia_odb12	2025-04-11	2d9dac8504a245c992ce10b9e921d0eb	Prokaryota	lineages
guernseyvirinae_odb10	2024-01-08	484f59b9efc120c118fae2e6c178ffaa	Virus	lineages
haloarculaceae_odb12	2025-04-12	eeae1172b11c069f72f8b7097aca8cc3	Prokaryota	lineages
haloarcula_odb12	2025-04-12	981736ee08010bb7c585e5fb8c54acb7	Prokaryota	lineages
halobacteriaceae_odb12	2025-04-12	4729d42c38a95a75a097c84c3a5c97ef	Prokaryota	lineages
halobacteriales_odb10	2024-01-08	79b455d2fe7a132673d7e40a3d123370	Prokaryota	lineages
halobacteriales_odb12	2025-04-12	e6fbc54dc366a77b5eb381d1bfdf4809	Prokaryota	lineages
halobacteria_odb10	2024-01-08	0b1efa4df56adb7423df34505c1c7814	Prokaryota	lineages
halobacteria_odb12	2025-04-12	b95fe8bd621c2ff5d8b52fbe3441083b	Prokaryota	lineages
haloferacaceae_odb12	2025-04-12	0f7d3dd8c99e3a794dfa84343afc49b3	Prokaryota	lineages
haloferacales_odb10	2024-01-08	99e1945897e61256586c478dd8678cdc	Prokaryota	lineages
haloferacales_odb12	2025-04-12	1870b890b951da74a564dc17fe2a26d2	Prokaryota	lineages
haloferax_odb12	2025-04-12	ee67b62d7deb6b04fe605d9b44359045	Prokaryota	lineages
halomonadaceae_odb12	2025-04-11	4020a1e4041620fdb3c58e54567d4284	Prokaryota	lineages
halomonas_odb12	2025-04-11	0288353032ff2e45ebbbdfa6468aa395	Prokaryota	lineages
halorubrum_odb12	2025-04-12	b2aca67e81d66234a2867cc48643b62c	Prokaryota	lineages
haloterrigena_odb12	2025-04-12	000f217ab0e67a6dd9d3fd70d8c83a70	Prokaryota	lineages
helotiales_odb10	2024-01-08	68b7b6ae8f5f933a282000711e163a3a	Eukaryota	lineages
helotiales_odb12	2025-04-11	335f01c4f621abc6701e90a888b74f25	Eukaryota	lineages
hemiptera_odb10	2024-01-08	02bc28602cd3ec17f3b3bda43e3a2888	Eukaryota	lineages
hemiptera_odb12	2025-04-11	2b657326f4da41f62852f36e40bcbd01	Eukaryota	lineages
herbaspirillum_odb12	2025-04-11	ef5637a5beebcac24b9d135eac4440e6	Prokaryota	lineages
herpesviridae_odb10	2024-01-08	79856510300f9379e518cc8180ad14fb	Virus	lineages
hexapoda_odb12	2025-04-11	8e819ebddc770e47e097dd4ecffe901a	Eukaryota	lineages
hymenobacteraceae_odb12	2025-04-11	e6ff5afdca33dff8553574c015420f2e	Prokaryota	lineages
hymenobacter_odb12	2025-04-11	a3e7f9753c80e7ba42e0ea85897ad37f	Prokaryota	lineages
hymenoptera_odb10	2024-01-08	9d10047e5500f51c48104c9784baf6e5	Eukaryota	lineages
hymenoptera_odb12	2025-04-11	b0039b4b63f9cf97476f56452eca07a0	Eukaryota	lineages
hyphomicrobiaceae_odb12	2025-04-11	e0d6f539c1905813d5919a296d743a5c	Prokaryota	lineages
hyphomicrobiales_odb12	2025-04-11	857a350a97105f0b8c5341acd2f4de29	Prokaryota	lineages
hyphomicrobium_odb12	2025-04-11	416d4b4f429121cf5cf6e2a57fca6b35	Prokaryota	lineages
hyphomonadaceae_odb12	2025-04-11	9f3fb461195fe73978849074fbda45f0	Prokaryota	lineages
hyphomonas_odb12	2025-04-11	34133f5321d0024e8dc9247a28d25a73	Prokaryota	lineages
hypocreaceae_odb12	2025-04-11	8a0ad01f09eb0c44f625d3c33718e16a	Eukaryota	lineages
hypocreales_odb10	2024-01-08	2f85af3da8d3e9b20daf47c924ad4385	Eukaryota	lineages
hypocreales_odb12	2025-04-11	28cc25de6579ec9c9213fc92fb790c62	Eukaryota	lineages
idiomarina_odb12	2025-04-11	59f9b59a15876806bd8e5a05c4fa1104	Prokaryota	lineages
insecta_odb10	2024-01-08	fe5d4360ef9829c3c663acab4fe1f1da	Eukaryota	lineages
insecta_odb12	2025-04-11	bc5252d3c91dc9a6dcf91d51dd8d228b	Eukaryota	lineages
intrasporangiaceae_odb12	2025-04-11	c8942840b89926f87a19b033e6cc96c3	Prokaryota	lineages
iridoviridae_odb10	2024-01-08	3b3e67bb85d616fd874b26479d6abaea	Virus	lineages
jannaschia_odb12	2025-04-11	6bf232bc3329a2bfd0b193c4e15903f7	Prokaryota	lineages
janthinobacterium_odb12	2025-04-11	62ea14a2f2142881d393a399a2115149	Prokaryota	lineages
kitasatosporales_odb12	2025-04-11	993edbdb7d0380a88418ecc26277177c	Prokaryota	lineages
kitasatospora_odb12	2025-04-11	544fa309f1249ba5284d8910ea2ff1fc	Prokaryota	lineages
kocuria_odb12	2025-04-11	8300bf89df288eebb3cb9c41aa357bc2	Prokaryota	lineages
labrenzia_odb12	2025-04-11	83bed64e3b21b7f6d458f881aae5fe21	Prokaryota	lineages
lachnoclostridium_odb12	2025-04-11	d953935357e6b08c1c3326e0386ec35a	Prokaryota	lineages
lachnospiraceae_odb12	2025-04-11	ab7938f393c3a886211926a3b7309829	Prokaryota	lineages
lactobacillaceae_odb12	2025-04-11	d314769705d44e01da985bcbc793eabd	Prokaryota	lineages
lactobacillales_odb10	2024-01-08	1377e13f55575410373f78d984e6d49b	Prokaryota	lineages
lactobacillales_odb12	2025-04-11	fda8df9de00c285d098d13c752d5fa0a	Prokaryota	lineages
lactobacillus_odb12	2025-04-11	efe2bfd301914db940d645907c89a6d0	Prokaryota	lineages
lamiales_odb12	2025-04-11	162eea195f1c60ba81f1716528d75950	Eukaryota	lineages
laurasiatheria_odb10	2024-01-08	4b69d3754077ee8a121ff4c1a814038b	Eukaryota	lineages
laurasiatheria_odb12	2025-04-11	ab9f350b66d6f8c242e5b35caa7a11bb	Eukaryota	lineages
legionellaceae_odb12	2025-04-11	a214cb62d197ae6e8886b3d77adc22dc	Prokaryota	lineages
legionellales_odb10	2024-01-08	0432b6cbcce14bcf292ae8fd01202f81	Prokaryota	lineages
legionellales_odb12	2025-04-11	75ed7c6a55789a81f3b12f28655c8031	Prokaryota	lineages
leifsonia_odb12	2025-04-11	a9a94c095a79c4f961595f234d386595	Prokaryota	lineages
leishmaniinae_odb12	2025-04-11	d1d77ab68503a86967f5df172f61e3b3	Eukaryota	lineages
leotiomycetes_odb10	2024-01-08	7c6ef2d12e2c7529097ac033b46f43df	Eukaryota	lineages
leotiomycetes_odb12	2025-04-11	cfae24f4bc9337454f18e8e711102158	Eukaryota	lineages
lepidoptera_odb10	2024-01-08	4ad4f7c458c170c0b3245712b4e1cf1e	Eukaryota	lineages
lepidoptera_odb12	2025-04-11	87167d2c2c25b43b38ff6b2d0ce93f61	Eukaryota	lineages
leptolyngbya_odb12	2025-04-11	257345e5f0818b6838f7fb74dd485746	Prokaryota	lineages
leptospiraceae_odb12	2025-04-11	7180cd6be9b6516d621c6a59c0148378	Prokaryota	lineages
leptotrichia_odb12	2025-04-11	20a9f63846017a456f0e53c703877441	Prokaryota	lineages
leucobacter_odb12	2025-04-11	f70510c7f3639ada998ed2ec7202c921	Prokaryota	lineages
liliopsida_odb10	2024-01-08	154552d116896e02c282a7d91791cb7d	Eukaryota	lineages
liliopsida_odb12	2025-04-11	c9c956ea649f4384999033886a2c161b	Eukaryota	lineages
lineages_list.txt	2025-04-09	f436ce67a7bae511520e5e6ce6631d2d	NaN	information
listeriaceae_odb12	2025-04-11	70ed4a1ac9e56e81515c07178662303c	Prokaryota	lineages
listeria_odb12	2025-04-11	92bd962589fdc58733a3dbe3ad05c6fb	Prokaryota	lineages
list_of_reference_markers.archaea_odb10.txt	2019-12-16	0143477e3666a5bcdec26a826eb01ab4	Prokaryota	placement_files
list_of_reference_markers.archaea_odb12.txt	2024-11-15	5572799d96b770a21cb4be3f79f5b724	Prokaryota	placement_files
list_of_reference_markers.bacteria_odb10.txt	2019-12-16	e82a39f3060123f4322057c632d7691c	Prokaryota	placement_files
list_of_reference_markers.bacteria_odb12.txt	2024-11-15	39bdd2903972116c6ea5950fbfa46479	Prokaryota	placement_files
list_of_reference_markers.eukaryota_odb10.txt	2019-12-16	95a02d2bbe1659778bda594d59c90ee1	Eukaryota	placement_files
list_of_reference_markers.eukaryota_odb12.txt	2025-01-15	4496a19a64421b65804e259ef2323b09	Eukaryota	placement_files
loktanella_odb12	2025-04-11	404b9c5db301bcecd09141b191f4027d	Prokaryota	lineages
lophotrochozoa_odb12	2025-04-11	170a13ac24c27c0d78593c3bd8f53320	Eukaryota	lineages
luteimonas_odb12	2025-04-11	340501f052380efc282221e925946543	Prokaryota	lineages
lysinibacillus_odb12	2025-04-11	5aba9bf00ffbfc64293a44b8e6bd8b7f	Prokaryota	lineages
lysobacter_odb12	2025-04-11	3da31d0e95d526f41dbe6fd08e8f682b	Prokaryota	lineages
malpighiales_odb12	2025-04-11	74c49043602001d1516a05549fa35cab	Eukaryota	lineages
mammalia_odb10	2024-01-08	5e1b55c306640771a7700d36ae67e1e2	Eukaryota	lineages
mammalia_odb12	2025-04-11	ea6f37b62a8a647bdb0d4e8290353384	Eukaryota	lineages
mapping_taxid-lineage.archaea_odb10.txt	2019-12-16	5a05ab8eb491f6d4ae9f7774fd778f7e	Prokaryota	placement_files
mapping_taxid-lineage.archaea_odb12.txt	2024-11-15	17fb815e15f4c168e6801c2fdbfd1f7f	Prokaryota	placement_files
mapping_taxid-lineage.bacteria_odb10.txt	2019-12-16	b25a5a807f4ff70f4343ef7500d26975	Prokaryota	placement_files
mapping_taxid-lineage.bacteria_odb12.txt	2024-11-15	d69b5a7085199ea00592da16b82151a7	Prokaryota	placement_files
mapping_taxid-lineage.eukaryota_odb10.txt	2019-12-16	e5b047a09cee36f1116f7de1453276b4	Eukaryota	placement_files
mapping_taxid-lineage.eukaryota_odb12.txt	2025-01-15	8c03ff1d3f80175945b31106040e6110	Eukaryota	placement_files
mapping_taxids-busco_dataset_name.archaea_odb10.txt	2019-12-16	d8cc75b75e052e475e07d84cb4d8cd06	Prokaryota	placement_files
mapping_taxids-busco_dataset_name.archaea_odb12.txt	2024-11-15	2396f45b3acc6bc97a742b1da95e5d43	Prokaryota	placement_files
mapping_taxids-busco_dataset_name.bacteria_odb10.txt	2019-12-16	79514724345b6cae32bb05ecacc11386	Prokaryota	placement_files
mapping_taxids-busco_dataset_name.bacteria_odb12.txt	2024-11-15	07202b73b2e9ea62092b97895b987828	Prokaryota	placement_files
mapping_taxids-busco_dataset_name.eukaryota_odb10.txt	2019-12-16	435492f974732bb2d562d5abe54bd494	Eukaryota	placement_files
mapping_taxids-busco_dataset_name.eukaryota_odb12.txt	2025-01-15	454f1b676af58b73b519803bac10c691	Eukaryota	placement_files
maribacter_odb12	2025-04-11	e4dc1d9263a67e50ba083f429dd58583	Prokaryota	lineages
marinobacterium_odb12	2025-04-11	f25afef3928baab1985d81fdfdd61092	Prokaryota	lineages
marinobacter_odb12	2025-04-11	a128ec62ef8f46d8b2f5733617c68973	Prokaryota	lineages
marinomonas_odb12	2025-04-11	c41431efbb8af4d351e477093adcfd35	Prokaryota	lineages
massilia_odb12	2025-04-11	b17f27c2aceeaf55542a93494dd403c5	Prokaryota	lineages
megasphaera_odb12	2025-04-11	b28807634ec6175d6aaee5063da2d4d3	Prokaryota	lineages
meiothermus_odb12	2025-04-11	fd737bbbe24ed104d88ea999a48f09de	Prokaryota	lineages
mesorhizobium_odb12	2025-04-11	3d858cf0d4110fa76b98a5e9d39fb9c6	Prokaryota	lineages
metazoa_odb10	2024-01-08	3372747bddabccabfdc291fcd4114899	Eukaryota	lineages
metazoa_odb12	2025-04-11	190ce3f627bcbe4faec11f849af23f96	Eukaryota	lineages
methanobacteria_odb10	2024-01-08	36df24c0adf12f76fbd7d26ce417b2c1	Prokaryota	lineages
methanobacteria_odb12	2025-04-12	e57c724738487ee9066666ad7c9a06d2	Prokaryota	lineages
methanobacterium_odb12	2025-04-12	9be8dd386ca330da7a5c6993907d7fc8	Prokaryota	lineages
methanobrevibacter_odb12	2025-04-12	47b1914b69f900cab2989c1b8abe2d51	Prokaryota	lineages
methanococcaceae_odb12	2025-04-12	c9f8d6075ef973f7b4bd4548791a3cd3	Prokaryota	lineages
methanococcales_odb10	2024-01-08	bfb1b8d0781c6d55bc89fa4fd84f5a1d	Prokaryota	lineages
methanococcales_odb12	2025-04-12	717f6cf5d867890f369bbc79c481b5fb	Prokaryota	lineages
methanomicrobiaceae_odb12	2025-04-12	998356d2c4bcc8f2f5c45ab2c6706216	Prokaryota	lineages
methanomicrobiales_odb10	2024-01-08	4b210069ed2c656fd1f60b55d35a70ad	Prokaryota	lineages
methanomicrobiales_odb12	2025-04-12	bf6dbba70915d1a31b70731910a2a17c	Prokaryota	lineages
methanomicrobia_odb10	2024-01-08	2e63c7dfddb70829fd1d3ed87d30611f	Prokaryota	lineages
methanomicrobia_odb12	2025-04-12	d1fbceafb35cc8ba37d978db366d36a0	Prokaryota	lineages
methanosarcinaceae_odb12	2025-04-12	5afd245d7bb7a16e8ba84f855ba2e58d	Prokaryota	lineages
methanosarcina_odb12	2025-04-12	ef2452cf98f18fd8ab1f49fc6f5cc399	Prokaryota	lineages
methylobacteriaceae_odb12	2025-04-11	a6abe5f51b249c9b43b5b4df005cdaf4	Prokaryota	lineages
methylobacterium_odb12	2025-04-11	c7028e8cef79cd54bb4c056622f21c41	Prokaryota	lineages
methylococcaceae_odb12	2025-04-11	3aa0a80c95681e470702248bb4622173	Prokaryota	lineages
methylophilaceae_odb12	2025-04-11	6c1588eb76fb1a28c9bce20091e12a11	Prokaryota	lineages
microbacteriaceae_odb12	2025-04-11	83141bc649f04cdc8de76c5211c4f16f	Prokaryota	lineages
microbacterium_odb12	2025-04-11	28a94bd2cee154da105e36930cb33188	Prokaryota	lineages
microbotryomycetes_odb12	2025-04-11	3df16021bb061f0d1a33e37c6abb1a37	Eukaryota	lineages
micrococcaceae_odb12	2025-04-11	4b7f694aa755fff9cb2e5deaa9211124	Prokaryota	lineages
micrococcales_odb10	2024-01-08	fdb78019a92964e96b4745defaafc1c4	Prokaryota	lineages
micrococcales_odb12	2025-04-11	dc74b11557a9908da1337e1fcfa216dc	Prokaryota	lineages
micromonosporaceae_odb12	2025-04-11	58f02dc65a47defeef4a2555b6fd59d1	Prokaryota	lineages
microsporidia_odb10	2024-01-08	c6c96c9fddc451b403ba83630506101e	Eukaryota	lineages
microsporidia_odb12	2025-04-11	626a02b907604cc4f5ed8dc8d38ef843	Eukaryota	lineages
mollicutes_odb10	2024-01-08	893e2e596fe937d72b92b81700d5b3e4	Prokaryota	lineages
mollusca_odb10	2024-01-08	d35dfcd38630fb8cb15c646c2482835b	Eukaryota	lineages
mollusca_odb12	2025-04-11	f0460ad01e43c49a51a45e13290ade91	Eukaryota	lineages
moraxellaceae_odb12	2025-04-11	927382eb5ce35912b993b55b9aaf6032	Prokaryota	lineages
moraxella_odb12	2025-04-11	f6898141aebc366a0874b34639957da9	Prokaryota	lineages
morganellaceae_odb12	2025-04-11	11b25e50bd82c7f195f1c0e8b39d36d4	Prokaryota	lineages
mucorales_odb10	2024-01-08	3cc5cf5b74b429aad5d62704a041c355	Eukaryota	lineages
mucorales_odb12	2025-04-11	a010dcce7caf3c92a46d00c9ee447e74	Eukaryota	lineages
mucoromycota_odb10	2024-01-08	4210498ca504de64e5c9818c8f64962a	Eukaryota	lineages
mucoromycota_odb12	2025-04-11	e078abbd95c03532c446e0efc5630a74	Eukaryota	lineages
mycobacteriaceae_odb12	2025-04-11	86bdf7b3921861616ec5f2ef01b31c18	Prokaryota	lineages
mycobacteriales_odb12	2025-04-11	a0dcd5255b45936dcb646713b3619cd6	Prokaryota	lineages
mycobacterium_odb12	2025-04-11	ca6f26f4a4725acf14e1f3ee6fde6843	Prokaryota	lineages
mycolicibacterium_odb12	2025-04-11	21932af5546f98e9b628eaacc62500a4	Prokaryota	lineages
mycoplasma_odb12	2025-04-11	8b320cd02b072260ab304b1adb4425bd	Prokaryota	lineages
mycoplasmatales_odb10	2024-01-08	36cd7fda07a206d9db3ce0c97cdc0025	Prokaryota	lineages
mycoplasmatales_odb12	2025-04-11	b878d576ca39c6d71df01c7b09e9eb4e	Prokaryota	lineages
mycoplasmatota_odb12	2025-04-11	6d3e76d79c56c83833ab8aa670edf729	Prokaryota	lineages
mycosphaerellaceae_odb12	2025-04-11	4ea610e881eb2e97ea72136b3dbf85d4	Eukaryota	lineages
natrialbaceae_odb12	2025-04-12	38ae6a6da81058e46e404c2c6c72b606	Prokaryota	lineages
natrialbales_odb10	2024-01-08	efa92043b2440ada26425919f875349a	Prokaryota	lineages
natrialbales_odb12	2025-04-12	a0cc324658e6d969969a61e334bf1c50	Prokaryota	lineages
natrinema_odb12	2025-04-12	0547f7010cfbb51ef5d4ff07674b5a08	Prokaryota	lineages
nectriaceae_odb12	2025-04-11	da9547044e981716f1412222e7c3b07a	Eukaryota	lineages
neisseriales_odb10	2024-01-08	b829a1f5314ebf1f949af4f0e28de0e2	Prokaryota	lineages
neisseriales_odb12	2025-04-11	14a7a34d49baf988d40b7ebcafdc5067	Prokaryota	lineages
neisseria_odb12	2025-04-11	049a0874f5768574e13ec4cc1d3e5bf2	Prokaryota	lineages
nematocera_odb12	2025-04-11	566ab4c0f328f5e78ee2a40710b68238	Eukaryota	lineages
nematoda_odb10	2024-01-08	ec87bb045e2a81868518b1071029d759	Eukaryota	lineages
nematoda_odb12	2025-04-11	02d96a60da18ff754165e722d2bd346e	Eukaryota	lineages
nitrobacteraceae_odb12	2025-04-11	19e63f7f825e45745151202dbb10e733	Prokaryota	lineages
nitrosomonadales_odb10	2024-01-08	5877c85915cbb39a3cf66c9b8c296cf8	Prokaryota	lineages
nitrosomonadales_odb12	2025-04-11	9b7560401d8f2e49ff8852a8ab72b3f8	Prokaryota	lineages
nitrosomonas_odb12	2025-04-11	db906226d3710f7cbbc22ffb1d81c9c4	Prokaryota	lineages
nitrosopumilales_odb12	2025-04-12	50fd9e573945c8028df1b0cd322e3df3	Prokaryota	lineages
nitrosopumilus_odb12	2025-04-12	d9b011bb455aac5a57752ca87a7e5558	Prokaryota	lineages
nitrososphaerota_odb12	2025-04-12	40dec03d29bcf3a2ae95d5054728a03c	Prokaryota	lineages
nocardiaceae_odb12	2025-04-11	7bcb3237f3460f02d0de9c2e875d940b	Prokaryota	lineages
nocardia_odb12	2025-04-11	4c3ab89b653b215810a187bc5657b98f	Prokaryota	lineages
nocardioides_odb12	2025-04-11	6af94374f7860fdcbb72820655a526e5	Prokaryota	lineages
nocardiopsaceae_odb12	2025-04-11	3a0d924db1878e36567a789b27ff20e1	Prokaryota	lineages
nocardiopsis_odb12	2025-04-11	9b293aa0f7c2e0653a8f048031b8fa6f	Prokaryota	lineages
nonlabens_odb12	2025-04-11	c825ada80965d9cf5ddd724683d62784	Prokaryota	lineages
nostocales_odb10	2024-01-08	2564ddc82836e0d1164d8ab43a78b68a	Prokaryota	lineages
nostocales_odb12	2025-04-11	792dd13030bbdb55083e9535db6f1894	Prokaryota	lineages
nostoc_odb12	2025-04-11	ab7e747f15bbe7b97082bd6eef5d9f12	Prokaryota	lineages
novosphingobium_odb12	2025-04-11	9fff5953bbe88abc2d8c13720c7da5d6	Prokaryota	lineages
oceanobacillus_odb12	2025-04-11	6039b657c202cdb0e6ce104d02480e1c	Prokaryota	lineages
oceanospirillaceae_odb12	2025-04-11	6a9cd2bf8fba823bdd5ecc76ac834969	Prokaryota	lineages
oceanospirillales_odb10	2024-01-08	68600b75c362f9fe8ff2811d141e9cc0	Prokaryota	lineages
oceanospirillales_odb12	2025-04-11	b4923e628f7b7fb68d05a217aa1d80b6	Prokaryota	lineages
olsenella_odb12	2025-04-11	8dcd7fec52eeacf50ad15ee34610a779	Prokaryota	lineages
onygenales_odb10	2024-01-08	6e6b4e1334bb077295ae799c20b38c85	Eukaryota	lineages
onygenales_odb12	2025-04-11	1db2e0c2dce54cb721e389df392739c5	Eukaryota	lineages
oomycota_odb12	2025-04-11	839f7316ce7dc7c15ffa66277c5d0a5f	Eukaryota	lineages
ophiocordycipitaceae_odb12	2025-04-11	35d41a18431bb9beacfbe67876c4ed5e	Eukaryota	lineages
oscillatoriales_odb10	2024-01-08	58987c4c5fff2c82d473a26c40c6b661	Prokaryota	lineages
oscillatoriales_odb12	2025-04-11	200ef53ed31e181bd36c5cec36c8b7d3	Prokaryota	lineages
oxalobacteraceae_odb12	2025-04-11	b6803a8c5f53ee860efe5e3c459cd0de	Prokaryota	lineages
paenibacillaceae_odb12	2025-04-11	8f616c8df7d2724a1f4c02cf95ca353a	Prokaryota	lineages
paenibacillus_odb12	2025-04-11	9aae6c4dc5f1ea3347a4fafb8963b360	Prokaryota	lineages
pahexavirus_odb10	2024-01-08	3b1410a4b594471e05c0b4d466e3173b	Virus	lineages
pandoraea_odb12	2025-04-11	e306852a054049c16d45bf4442439d3d	Prokaryota	lineages
pantoea_odb12	2025-04-11	fe4741d642af598a345d4d6f88b4a44b	Prokaryota	lineages
papilionoidea_odb12	2025-04-11	ed867f9cd4af2c86f84395b180c0573a	Eukaryota	lineages
paraburkholderia_odb12	2025-04-11	9172cea4f1b957da3fec65c521fe2a0f	Prokaryota	lineages
paracoccaceae_odb12	2025-04-11	71cf39b21e9b9748d8539b539e4b4d97	Prokaryota	lineages
paracoccus_odb12	2025-04-11	6e48c7dcb1c235ee4d7d664654f18346	Prokaryota	lineages
passeriformes_odb10	2024-01-08	41e0a9cbc2c93aa4fd5cd3e8c2876b56	Eukaryota	lineages
passeriformes_odb12	2025-04-11	8267781a7ac504811c681cd22111327f	Eukaryota	lineages
pasteurellales_odb10	2024-01-08	d9d0d1500ddc1c79f705ea58d233aff8	Prokaryota	lineages
pasteurellales_odb12	2025-04-11	b0cd90d8ccd7156bc6fa22c06217980e	Prokaryota	lineages
pectobacteriaceae_odb12	2025-04-11	5f4389137de0b3c13ba49635cbb953d6	Prokaryota	lineages
pectobacterium_odb12	2025-04-11	ac75b05e48b69390e767377f00b2c61d	Prokaryota	lineages
pediococcus_odb12	2025-04-11	c21a0c2996612beaf23a888b995fde7b	Prokaryota	lineages
pedobacter_odb12	2025-04-11	a1f0756e6ec57c728f5ca5d07778c795	Prokaryota	lineages
peduovirus_odb10	2024-01-08	660b6c8dae78bf76bddd9ba1be2c8bd9	Virus	lineages
pelagibacter_odb12	2025-04-11	75205ae7f7a747ed8641f1224cc637ca	Prokaryota	lineages
penicillium_odb12	2025-04-11	03e3d47368734797a8d8252740fa9393	Eukaryota	lineages
peptococcaceae_odb12	2025-04-11	f184e63f17037e5098255ea62da79b28	Prokaryota	lineages
peptoniphilus_odb12	2025-04-11	4854225e4021cfc33e7e72e014affed4	Prokaryota	lineages
peptostreptococcaceae_odb12	2025-04-11	39eb7c0185963e7886594b9b49681fc7	Prokaryota	lineages
phaeobacter_odb12	2025-04-11	f89a5d0ac4e8cd25f79425d72e8f474f	Prokaryota	lineages
photobacterium_odb12	2025-04-11	bf583090bbe1fb1dac65cc80c7584147	Prokaryota	lineages
phyllobacteriaceae_odb12	2025-04-11	a9ef6d773a48068fea1df2349a1980a3	Prokaryota	lineages
phytophthora_odb12	2025-04-11	9a444a502a375f7ebf117a8e00fef0ec	Eukaryota	lineages
phytoplasma_odb12	2025-04-11	671d38b82c2397aab31dcb53bff9c1f2	Prokaryota	lineages
pichiaceae_odb12	2025-04-11	4a6fed16b8f253163bbaabc08690f237	Eukaryota	lineages
piroplasmida_odb12	2025-04-11	be88b620cda5f11c7b870c8eefb6a256	Eukaryota	lineages
piscirickettsiaceae_odb12	2025-04-11	841d14fee0162b0ea081e1f673013a07	Prokaryota	lineages
planctomycetaceae_odb12	2025-04-11	663b54b5e73d0c46ec769c4a2151235e	Prokaryota	lineages
planctomycetes_odb10	2024-01-08	4779117e2b4f688e2bdf84faa5806294	Prokaryota	lineages
planctomycetota_odb12	2025-04-11	e76660be3af1399f66b248deddde4e45	Prokaryota	lineages
planococcaceae_odb12	2025-04-11	fc8bc5146ebcfd487654857deb3e2c62	Prokaryota	lineages
planococcus_odb12	2025-04-11	257a3fcc09b5de60f4882e6d539c8a11	Prokaryota	lineages
plasmodium_odb10	2024-01-08	dcc21aada8d28ab5caf7db5b13b19db6	Eukaryota	lineages
plasmodium_odb12	2025-04-11	e7ef6697c22889f372d9ed61ced83292	Eukaryota	lineages
pleosporaceae_odb12	2025-04-11	06c65f55a60c176a1aaf3d36b74b9a8d	Eukaryota	lineages
pleosporales_odb10	2024-01-08	724410708694d64cabc152f5d343a48b	Eukaryota	lineages
pleosporales_odb12	2025-04-11	f72bec44e3bbe39fa052c8ad0b591e61	Eukaryota	lineages
poales_odb10	2024-01-08	e816664c71d968404b2e0acc49d18a44	Eukaryota	lineages
poales_odb12	2025-04-11	1f61e3dc5845670a9366a0300b194b19	Eukaryota	lineages
polaribacter_odb12	2025-04-11	8d304b98fa9bbdde0b7e1f5d073144f8	Prokaryota	lineages
polyphaga_odb12	2025-04-11	3ef54b89785617c6a7ba9ed52aa6e25b	Eukaryota	lineages
polyporaceae_odb12	2025-04-11	a4c5ea2ad933ab0c8b0f0e5d2f6ade63	Eukaryota	lineages
polyporales_odb10	2024-01-08	27e685efdb0e3abe27c1b7635a07360d	Eukaryota	lineages
polyporales_odb12	2025-04-11	63bc451f3b2113993260f5db506eb349	Eukaryota	lineages
pontibacter_odb12	2025-04-11	d6ace3716f2116a4f360364964b0afab	Prokaryota	lineages
porphyrobacter_odb12	2025-04-11	20877f126e7e3186df88203feace5814	Prokaryota	lineages
porphyromonadaceae_odb12	2025-04-11	234bdd1c0a57d8e914c25be6ad3c3162	Prokaryota	lineages
poxviridae_odb10	2024-01-08	4cb2e71a92b2088a0a0b1f4ff20f94ef	Virus	lineages
prevotellaceae_odb12	2025-04-11	c1c4a0f7ee7fe171745001337cc5ae80	Prokaryota	lineages
primates_odb10	2024-01-08	321262a9dd0dcb01b92680e90ec6f344	Eukaryota	lineages
primates_odb12	2025-04-11	16277504edff42fc1941938ec59e1b94	Eukaryota	lineages
prochlorococcus_odb12	2025-04-11	fdf100f3d1296d5710908957394c9b7d	Prokaryota	lineages
propionibacteriaceae_odb12	2025-04-11	7a9fbd51c39fd4c80551debfb894bd7f	Prokaryota	lineages
propionibacteriales_odb10	2024-01-08	ec081179e55c395689bb9099dedeceb7	Prokaryota	lineages
propionibacteriales_odb12	2025-04-11	49891052edeab0e271deff614c3359e2	Prokaryota	lineages
proteobacteria_odb10	2024-01-08	6bb05a7389ee093cbd2bf9261ea4c608	Prokaryota	lineages
pseudeurotiaceae_odb12	2025-04-11	ded68c6cf4416fa62c87a37ac0bca60b	Eukaryota	lineages
pseudoalteromonas_odb12	2025-04-11	0d1f3c5e4dad770e9144af76e435c8ae	Prokaryota	lineages
pseudomonadales_odb10	2024-01-08	b966b8bb3e542085dd4337ef5e692f83	Prokaryota	lineages
pseudomonadales_odb12	2025-04-11	e5efe5c3a3ae2acf14a14017e2a16b4b	Prokaryota	lineages
pseudomonadota_odb12	2025-04-11	f44ffc00ec9412e7bc8eb651d6c85317	Prokaryota	lineages
pseudomonas_odb12	2025-04-11	be7c27bdb86cd3fdbc345c8d0a334fd0	Prokaryota	lineages
pseudonocardiaceae_odb12	2025-04-11	8610e65c6958db3ba8c5900b7aff4e8c	Prokaryota	lineages
pseudonocardia_odb12	2025-04-11	3efd08cb7f8424d588335362e8da4fa9	Prokaryota	lineages
pseudoxanthomonas_odb12	2025-04-11	2cd5d08449f4802183883f7454d52e35	Prokaryota	lineages
psychrobacter_odb12	2025-04-11	a2cc4ba40c2b948817e43086bb4eab3e	Prokaryota	lineages
psychromonas_odb12	2025-04-11	0fd17a7b4921e8bd77b029fe3a3b7f1a	Prokaryota	lineages
pucciniomycetes_odb12	2025-04-11	60cdd289c7afecb42104db67a93f4b69	Eukaryota	lineages
ralstonia_odb12	2025-04-11	9cea1338bf6b6b547a8919ec4dc1056b	Prokaryota	lineages
rhizobiaceae_odb12	2025-04-11	a377f89a4e77d0b8d8356acd22c65706	Prokaryota	lineages
rhizobiales_odb10	2024-01-08	17f8d1d055dc8f4ff121cad29a86f200	Prokaryota	lineages
rhizobium-agrobacterium_group_odb10	2024-01-08	6bcf42ae66ea48608394b737d54cecfb	Prokaryota	lineages
rhizobium-agrobacterium_group_odb12	2025-04-11	2a92c4304e015b28371524162c291a70	Prokaryota	lineages
rhizobium_odb12	2025-04-11	4e7b28873e449b4dc2d67b0b0e5485a6	Prokaryota	lineages
rhodanobacteraceae_odb12	2025-04-11	c54e84b14bf6f9ec1587ea0ed6e4c664	Prokaryota	lineages
rhodobacterales_odb10	2024-01-08	95a00f9c488274d5eb2d00f20485741b	Prokaryota	lineages
rhodobacterales_odb12	2025-04-11	67035ddd31e03dbcfe8e39875ff90ba1	Prokaryota	lineages
rhodobacter_odb12	2025-04-11	4aad89cd7d5bc1edf84e989281fd6b35	Prokaryota	lineages
rhodococcus_odb12	2025-04-11	833fe297cdddea88f5c6df3e729ec5d8	Prokaryota	lineages
rhodophyta_odb12	2025-04-11	ef9a9f289e844b2c95fce65e33ba0ce5	Eukaryota	lineages
rhodopseudomonas_odb12	2025-04-11	6d4bff1f4c69a5b98374d8828df09557	Prokaryota	lineages
rhodospirillaceae_odb12	2025-04-11	a01951cf0c6c40a79c3e757c762804e0	Prokaryota	lineages
rhodospirillales_odb10	2024-01-08	0890d70c48d570c36a09abea2575cc6a	Prokaryota	lineages
rhodospirillales_odb12	2025-04-11	de19c97fd134477f712be9460b897082	Prokaryota	lineages
rickettsiaceae_odb12	2025-04-11	ab508f0bb493afaf60505b56f463c4a8	Prokaryota	lineages
rickettsiales_odb10	2024-01-08	3a3c78aa761117f38cb9a43cd3fd3f64	Prokaryota	lineages
rickettsiales_odb12	2025-04-11	307325ea411c6621e3c3e88914f8343c	Prokaryota	lineages
rikenellaceae_odb12	2025-04-11	92c8d34f23b5970b9f3097815db2ef2e	Prokaryota	lineages
rodentia_odb12	2025-04-11	466a17e8e80bd1b9f6e685e7618b83ba	Eukaryota	lineages
rosaceae_odb12	2025-04-11	8cd59ad7429cbd70105543a93f034178	Eukaryota	lineages
rosales_odb12	2025-04-11	b4b0a1e4a692363f47721a4b39616d57	Eukaryota	lineages
roseovarius_odb12	2025-04-11	b9862fec08ff4d7282bd4ff671b87fd8	Prokaryota	lineages
rudiviridae_odb10	2024-01-08	afad43502a74667304b97a39459700b4	Virus	lineages
ruegeria_odb12	2025-04-11	7d5dcb89c3217fee8a1ab304ded46d56	Prokaryota	lineages
ruminococcus_odb12	2025-04-11	96987e127db6adccba6ef56fd06aee29	Prokaryota	lineages
saccharomycetaceae_odb12	2025-04-11	34c00d932d63fd8ea9810f62b7bd2260	Eukaryota	lineages
saccharomycetes_odb10	2024-01-08	8b6e1a7e088592717f9677fdf15da697	Eukaryota	lineages
saccharomycetes_odb12	2025-04-11	333d249a8a535bcf0b2a3564bb0cb19b	Eukaryota	lineages
salinicoccus_odb12	2025-04-11	546964e411549bba9f8d85041e77abb7	Prokaryota	lineages
saprolegniaceae_odb12	2025-04-11	3d31244ef7e7e7bb84e166d453d66219	Eukaryota	lineages
sauropsida_odb10	2024-01-08	9cc70aa59593e937612bef7c27d1edaf	Eukaryota	lineages
sauropsida_odb12	2025-04-11	97109a6849cc2577ec393c63cac8f8c1	Eukaryota	lineages
selenomonadaceae_odb12	2025-04-11	cdcbe323aa3aa8d6a6569ccf717a5af7	Prokaryota	lineages
selenomonadales_odb10	2024-01-08	56c4bd6baa137ddd0d83f9c924261ec4	Prokaryota	lineages
selenomonadales_odb12	2025-04-11	1f5d319c9ba82dd417cb814e99c02292	Prokaryota	lineages
selenomonas_odb12	2025-04-11	2627d2f3de7f11ea6150e8e292026bd8	Prokaryota	lineages
shewanella_odb12	2025-04-11	8dba76d85c45a119d7949679ee02d26b	Prokaryota	lineages
simplexvirus_odb10	2024-01-08	fffd2907f63fe04c78fabd61d2f56919	Virus	lineages
sinorhizobium_odb12	2025-04-11	55f7b63d9f44fd7d5a4588dfc0e4c718	Prokaryota	lineages
skunavirus_odb10	2024-01-08	68fbb8404853ae930651c3af1baa7b49	Virus	lineages
solanales_odb10	2024-01-08	66f358ec9289490e465b49c534d68963	Eukaryota	lineages
solanales_odb12	2025-04-11	7ee9451a258251a131384538da91f758	Eukaryota	lineages
sordariales_odb12	2025-04-11	95a3e8b1a2e1331fd57603f9829fd731	Eukaryota	lineages
sordariomycetes_odb10	2024-01-08	d2eaf7b7dcdc98c696193200a64f680b	Eukaryota	lineages
sordariomycetes_odb12	2025-04-11	571cd792043ea36807a3186c921b32b4	Eukaryota	lineages
sphingobacteriia_odb10	2024-01-08	242603fe2ff0935de82a73610d3c7ecf	Prokaryota	lineages
sphingobacteriia_odb12	2025-04-11	e772fb72dd68cde36634204f50c2f1aa	Prokaryota	lineages
sphingobacterium_odb12	2025-04-11	7e37940e11c86d131c71783cbac8f8dd	Prokaryota	lineages
sphingobium_odb12	2025-04-11	95ac7eaa4351973bfd5b03e0aba3d7df	Prokaryota	lineages
sphingomonadales_odb10	2024-01-08	0d2a778d7223204d457fed9159c3cd0b	Prokaryota	lineages
sphingomonadales_odb12	2025-04-11	a36a354dd0de661e64cc15a9adc4b860	Prokaryota	lineages
sphingomonas_odb12	2025-04-11	6a24f90d72c03ef6db4458457eff0a53	Prokaryota	lineages
sphingopyxis_odb12	2025-04-11	a9569f6c811b77c6703ff5003422694a	Prokaryota	lineages
spirochaetaceae_odb12	2025-04-11	2458511b005d75c704dd6c70af4d7613	Prokaryota	lineages
spirochaetales_odb10	2024-01-08	25566c0ec1f4157549b29909987fe2dc	Prokaryota	lineages
spirochaetales_odb12	2025-04-11	0dba06cfd3b387b9d98e1628fce4512d	Prokaryota	lineages
spirochaetes_odb10	2024-01-08	791cb6d5240aee08cbfc31aa46c95fea	Prokaryota	lineages
spirochaetia_odb10	2024-01-08	2d872abdb7804ed46d064ebf1a4af183	Prokaryota	lineages
spirochaetota_odb12	2025-04-11	a3c31c47532854346cca362b94db5074	Prokaryota	lineages
spiroplasma_odb12	2025-04-11	1feb65b2962afbebc37fb668c86c82b8	Prokaryota	lineages
sporosarcina_odb12	2025-04-11	1d203f1b1167aecc548729f9c6b84ff7	Prokaryota	lineages
spounavirinae_odb10	2024-01-08	286365f43fe02aad53b89555d36cd6b0	Virus	lineages
squamata_odb12	2025-04-11	196ae3fe90e887c8e27d443d24ed0054	Eukaryota	lineages
staphylococcaceae_odb12	2025-04-11	942434880393eb541ea479db363fa916	Prokaryota	lineages
staphylococcus_odb12	2025-04-11	4cb52a96ecaabb5cdef00cb46b3913e3	Prokaryota	lineages
stenotrophomonas_odb12	2025-04-11	e4f72a819c5f6702910c435734ea2cd8	Prokaryota	lineages
stramenopiles_odb10	2024-01-08	c47e74b9b44f96393aab60a94da41d9b	Eukaryota	lineages
stramenopiles_odb12	2025-04-11	c43218074a8e243b11547ae4942bf90e	Eukaryota	lineages
streptacidiphilus_odb12	2025-04-11	1b83d1e29ab9f8db55bfaba630d2f8ee	Prokaryota	lineages
streptococcaceae_odb12	2025-04-11	01fb010f6ae74bd8d549154c0f6ef6d9	Prokaryota	lineages
streptomyces_odb12	2025-04-11	47e63cb6f4f2b32b1ca34c7ae03e1e2d	Prokaryota	lineages
streptomycetales_odb10	2024-01-08	0fa3b1d4ad18d32f22cfa3e9df6c5f24	Prokaryota	lineages
streptosporangiales_odb10	2024-01-08	efc360354567844fa58da793f464eb81	Prokaryota	lineages
streptosporangiales_odb12	2025-04-11	e1a360d4b3fa345d9d2cd36cabfca7bf	Prokaryota	lineages
sulfitobacter_odb12	2025-04-11	34ca210434e9c9124fec5280949bd4bd	Prokaryota	lineages
sulfolobales_odb10	2024-01-08	8a61f401552651f1a65901602ebeafe8	Prokaryota	lineages
sulfolobales_odb12	2025-04-12	a71bf39d9c358b6f8866602bffafdaa0	Prokaryota	lineages
supermatrix.aln.archaea_odb10.faa	2019-12-16	e9d2c8065a7779f9447b154b9030bcf8	Prokaryota	placement_files
supermatrix.aln.archaea_odb12.faa	2024-11-15	3be52af2654e7f68cb735f16df17e8c9	Prokaryota	placement_files
supermatrix.aln.bacteria_odb10.faa	2019-12-16	eba6a090cbe21abe1db69d841e8231bc	Prokaryota	placement_files
supermatrix.aln.bacteria_odb12.faa	2024-11-15	c0be337678961cb10db025ffdeefe661	Prokaryota	placement_files
supermatrix.aln.eukaryota_odb10.faa	2019-12-16	3584e9fb12211b8c8c3ad63666444be1	Eukaryota	placement_files
supermatrix.aln.eukaryota_odb12.faa	2025-01-15	a3186e0d22ad4821c4367d6247fdb490	Eukaryota	placement_files
synechococcaceae_odb12	2025-04-11	d2fd0806cf461fed9321f1523f40544c	Prokaryota	lineages
synechococcales_odb10	2024-01-08	9a472bbb3c02e033f3672644bbb27779	Prokaryota	lineages
synechococcales_odb12	2025-04-11	756f843337d8ca3e770fe4915300c641	Prokaryota	lineages
synergistetes_odb10	2024-01-08	a5bf4d9973e8ea1fbdf3ea8284bd8957	Prokaryota	lineages
synergistota_odb12	2025-04-11	614bd1532d28f07be3213ce299671517	Prokaryota	lineages
tenacibaculum_odb12	2025-04-11	5de7b985bb6cf82559f4945c52643c7e	Prokaryota	lineages
tenericutes_odb10	2024-01-08	f2bbba733d5b3a531ba14d7338d2fb8f	Prokaryota	lineages
tequatrovirus_odb10	2024-01-08	67a3c9d25ded118212840dfd87c37d96	Virus	lineages
teseptimavirus_odb10	2024-01-08	18d63d8e679c6fc6086d906d6b917f05	Virus	lineages
tetrapoda_odb10	2024-01-08	536277f71a4369b266c77c46d7e4fc1b	Eukaryota	lineages
tetrapoda_odb12	2025-04-11	1a21ac039449bd6653e39b861f2517d0	Eukaryota	lineages
tevenvirinae_odb10	2024-01-08	fac34fac2c70199fcbe69c0a7a663d71	Virus	lineages
thauera_odb12	2025-04-11	31738953bc69fdf728a35f2110bbb460	Prokaryota	lineages
thaumarchaeota_odb10	2024-01-08	216d7dfaa4b307e5bf6f136bf310cece	Prokaryota	lineages
thermaceae_odb12	2025-04-11	ac4572ff0d30551b3ce77de02870d1b7	Prokaryota	lineages
thermoanaerobacterales_odb10	2024-01-08	d66c7a944c1f36dc22353a62e663065b	Prokaryota	lineages
thermoanaerobacterales_odb12	2025-04-11	e6b7150fef54a08b7576781811d6ace6	Prokaryota	lineages
thermococcaceae_odb12	2025-04-12	0dd3e9c09bc5617fcc4e8acc384a004d	Prokaryota	lineages
thermococcus_odb12	2025-04-12	13da93914d35b2a3d5e243848487d108	Prokaryota	lineages
thermoplasmata_odb10	2024-01-08	f3ec5b6d8fa79c4c6caa37e6b0c09776	Prokaryota	lineages
thermoplasmata_odb12	2025-04-12	4a7b59e21720f8ac6379ea0b755872d5	Prokaryota	lineages
thermoproteaceae_odb12	2025-04-12	0c5fb52c00bfbd5ee9cf430402cf32e2	Prokaryota	lineages
thermoproteales_odb10	2024-01-08	c92700b9bc1018ba50741c453632a758	Prokaryota	lineages
thermoproteales_odb12	2025-04-12	c526eabcc9317119ae7ea1eb1021a054	Prokaryota	lineages
thermoprotei_odb10	2024-01-08	e9c08ac322b0c8e4d1c052e6738ad85d	Prokaryota	lineages
thermoprotei_odb12	2025-04-12	f5c5c4cc99b57b53e5c0fadb8d8b1d5c	Prokaryota	lineages
thermotogae_odb10	2024-01-08	546306dabbd386be2d9940a2c0d0deb1	Prokaryota	lineages
thermotogota_odb12	2025-04-11	7157f6394a7ed9f1d9e65b9475ce0f5b	Prokaryota	lineages
thermus_odb12	2025-04-11	19b1f8c43a6b238ed55bea97ef23d853	Prokaryota	lineages
thioalkalivibrio_odb12	2025-04-11	aa6fddfdd4ebc32e4f9debadd836b7c2	Prokaryota	lineages
thiotrichales_odb10	2024-01-08	7871f11be31cf3dfb0f57e8a1f5b31f1	Prokaryota	lineages
thiotrichales_odb12	2025-04-11	713d4b1a75b10222a0805e76cb6fc794	Prokaryota	lineages
tissierellales_odb10	2024-01-08	d5651b1b2e07433fc212881bd1482b72	Prokaryota	lineages
tissierellia_odb10	2024-01-08	f56b85fda5d5cb55322a8cbd452dd365	Prokaryota	lineages
tissierellia_odb12	2025-04-11	b7e1a45778387f64f21f46d31b561de9	Prokaryota	lineages
trebouxiophyceae_odb12	2025-04-11	7599fbe6d798b5794c511ff442bac704	Eukaryota	lineages
tree.archaea_odb10.nwk	2019-12-16	23a9602460ca3ba12a4382964c40add4	Prokaryota	placement_files
tree.archaea_odb12.nwk	2024-11-15	97cfb30dadc8fb41ed2f53d3775b5a20	Prokaryota	placement_files
tree.bacteria_odb10.nwk	2019-12-16	3cbe2d6292e02ee78b92b42ec7c13bf5	Prokaryota	placement_files
tree.bacteria_odb12.nwk	2024-11-15	384ce02da13d45bb9cc0d65e955f20d3	Prokaryota	placement_files
tree.eukaryota_odb10.nwk	2019-12-16	cb0d434ee9d87f5d6babd1832a3fa419	Eukaryota	placement_files
tree.eukaryota_odb12.nwk	2025-01-15	629fb83a47f0d5989ffc63a3e42a92f2	Eukaryota	placement_files
tree_metadata.archaea_odb10.txt	2019-12-16	1cc8a1284c883d9a5a8e33e70a81a743	Prokaryota	placement_files
tree_metadata.archaea_odb12.txt	2024-11-15	1dd894cf58fe028060c427f2a51bbbc1	Prokaryota	placement_files
tree_metadata.bacteria_odb10.txt	2019-12-16	04a34d1dbcc0814bd0f5acee1d2a9c3f	Prokaryota	placement_files
tree_metadata.bacteria_odb12.txt	2024-11-15	553a7a0b66e483a65d430a1e7bc80d89	Prokaryota	placement_files
tree_metadata.eukaryota_odb10.txt	2019-12-16	589ac2a41cb79863d4b0b061e472afea	Eukaryota	placement_files
tree_metadata.eukaryota_odb12.txt	2025-01-15	3ba3f0af3724ce9bfdaf83f020695b9d	Eukaryota	placement_files
tremellomycetes_odb10	2024-01-08	a0bfe1ffe4313753173cd341ddcc4c07	Eukaryota	lineages
tremellomycetes_odb12	2025-04-11	c5c0e051b9632af38f765fce908f779a	Eukaryota	lineages
treponema_odb12	2025-04-11	501d9254b16721fcd435810b52662b11	Prokaryota	lineages
trypanosoma_odb12	2025-04-11	f2203dba8013f510fcbd36010f56b4ca	Eukaryota	lineages
tunavirinae_odb10	2024-01-08	fe8a69addddcbc43732a4504aff538e2	Virus	lineages
ustilaginomycetes_odb12	2025-04-11	fb8083331f74358979ca73bc68942a08	Eukaryota	lineages
varicellovirus_odb10	2024-01-08	43c79da0fb65e9d5941d71458cf844ad	Virus	lineages
variovorax_odb12	2025-04-11	094d4c5aeb0b076a1f32aac7604f042b	Prokaryota	lineages
veillonellaceae_odb12	2025-04-11	c6c95ecc11bc99548ec40a76f805221d	Prokaryota	lineages
veillonella_odb12	2025-04-11	ddf967ed802b1a8486eb96d9b9892ad3	Prokaryota	lineages
verrucomicrobia_odb10	2024-01-08	1c380e10eaac2482a9485fe14b7bad47	Prokaryota	lineages
verrucomicrobiota_odb12	2025-04-11	cbcc648c9143f26f4ad80b2ea9a3e904	Prokaryota	lineages
vertebrata_odb10	2024-01-08	d292737afaec0ac95bde4f4a8d2ea814	Eukaryota	lineages
vertebrata_odb12	2025-04-11	0c8a6b1f93afee39f2805a04476f9667	Eukaryota	lineages
vibrionales_odb10	2024-01-08	e9ec5827bed867a01d07d7d03aaddc4c	Prokaryota	lineages
vibrionales_odb12	2025-04-11	05075b373d0d09386537daacb65d7325	Prokaryota	lineages
vibrio_odb12	2025-04-11	ec9d8ee8b3d1accd7135611a39491e34	Prokaryota	lineages
virgibacillus_odb12	2025-04-11	d6f496d07058750a4b3510a9aa00459d	Prokaryota	lineages
viridiplantae_odb10	2024-01-08	90d6ce27fde83f1e4aba1d6a8f523673	Eukaryota	lineages
viridiplantae_odb12	2025-04-11	b29e01dbc452473dfd845ea8cc33cd9c	Eukaryota	lineages
virus_datasets.txt	2020-11-26	a7d1e4d4bb6327d01efde3bcc8658cb3	NaN	information
weissella_odb12	2025-04-11	3f61ce2726021352962db3e380b3a1e8	Prokaryota	lineages
xanthomonadales_odb10	2024-01-08	47dd98a24916b28b52500e9a036eb8a8	Prokaryota	lineages
xanthomonadales_odb12	2025-04-11	76708667de74618595fcd4cc5650fc3a	Prokaryota	lineages
xanthomonas_odb12	2025-04-11	50f61774c9c2a5fec61814cd84986632	Prokaryota	lineages
xylariales_odb12	2025-04-11	9ec2659b7eedbe018e4c221074e78a28	Eukaryota	lineages
yersiniaceae_odb12	2025-04-11	09b919007ad15d3a5df93d1ae93a7c70	Prokaryota	lineages
yersinia_odb12	2025-04-11	cb4eda2266c2bd3f4d1119a57f0baaa6	Prokaryota	lineages
